Date,Open,High,Low,Close,Volume
2020-07-27,6.59,6.63,6.34,6.355,375764.0
2020-07-28,6.4,6.615,6.38,6.605,234072.0
2020-07-29,6.49,6.515,6.31,6.375,215981.0
2020-07-30,6.535,6.605,6.24,6.27,535383.0
2020-07-31,5.925,6.27,5.925,5.955,440725.0
2020-08-03,5.77,5.78,5.645,5.69,902053.0
2020-08-04,5.71,5.775,5.63,5.64,511075.0
2020-08-05,5.605,5.655,5.56,5.58,225373.0
2020-08-06,5.58,5.63,5.35,5.37,497786.0
2020-08-07,5.43,5.675,5.35,5.555,658951.0
2020-08-10,5.525,5.85,5.52,5.62,601028.0
2020-08-11,5.71,5.97,5.615,5.935,353755.0
2020-08-12,5.755,5.755,5.43,5.485,720534.0
2020-08-13,5.41,5.51,5.31,5.45,509712.0
2020-08-14,5.41,5.55,5.41,5.475,499092.0
2020-08-17,5.36,5.37,5.26,5.285,359915.0
2020-08-18,25.795,26.435,25.5,25.665,66898.0
2020-08-19,25.75,26.25,25.36,26.13,86503.0
2020-08-20,26.4,26.4,24.93,25.025,98718.0
2020-08-21,25.08,25.14,24.43,24.515,117755.0
2020-08-24,23.67,24.68,23.475,24.22,71077.0
2020-08-25,24.23,24.35,23.505,23.505,61127.0
2020-08-26,23.21,23.21,21.975,22.025,72599.0
2020-08-27,21.89,22.725,21.61,22.17,184370.0
2020-08-28,21.84,22.19,21.75,21.855,68218.0
2020-08-31,21.77,21.77,20.92,21.08,87545.0
2020-09-01,20.77,21.1,20.235,20.235,128809.0
2020-09-02,19.66,20.83,19.55,19.605,108596.0
2020-09-03,20.555,23.23,20.52,22.66,431497.0
2020-09-04,23.095,26.31,22.3,23.53,362854.0
2020-09-08,26.36,27.0,24.9,27.0,230941.0
2020-09-09,25.235,26.01,23.93,24.5,132850.0
2020-09-10,23.865,26.5,23.46,26.06,172838.0
2020-09-11,25.34,27.565,25.26,26.505,221639.0
2020-09-14,25.37,25.82,24.6,25.22,111004.0
2020-09-15,24.23,24.585,23.73,24.08,158760.0
2020-09-16,23.93,25.29,23.79,25.265,141205.0
2020-09-17,26.96,27.43,25.87,26.52,264969.0
2020-09-18,26.0,28.66,25.945,27.48,230602.0
2020-09-21,28.74,29.41,27.13,27.13,202716.0
2020-09-22,26.38,27.415,25.445,25.54,127710.0
2020-09-23,25.74,28.19,25.74,28.035,141875.0
2020-09-24,28.765,28.88,26.55,27.53,207544.0
2020-09-25,27.34,27.88,25.41,25.575,111661.0
2020-09-28,24.37,24.965,24.125,24.155,363159.0
2020-09-29,24.23,24.5,23.91,24.32,146252.0
2020-09-30,24.29,24.29,23.035,23.73,106923.0
2020-10-01,22.91,23.25,22.6,22.74,143450.0
2020-10-02,24.265,24.825,23.36,24.61,967124.0
2020-10-05,24.06,24.06,22.99,23.015,95410.0
2020-10-06,23.215,24.49,22.8,24.26,132633.0
2020-10-07,23.48,23.64,22.83,22.94,64630.0
2020-10-08,22.46,22.865,22.43,22.635,72895.0
2020-10-09,22.245,22.3,21.615,21.615,114576.0
2020-10-12,20.63,20.72,18.97,19.615,215736.0
2020-10-13,19.42,19.86,19.12,19.625,116775.0
2020-10-14,19.55,20.45,19.29,20.095,132564.0
2020-10-15,21.15,21.2,20.375,20.525,156923.0
2020-10-16,20.18,20.77,19.84,20.765,122228.0
2020-10-19,20.42,22.055,20.27,21.92,232941.0
2020-10-20,21.685,22.0,20.985,21.66,193450.0
2020-10-21,21.69,21.85,21.07,21.74,152755.0
2020-10-22,21.46,22.52,21.41,21.78,218967.0
2020-10-23,21.73,22.26,21.61,21.62,115344.0
2020-10-26,22.09,23.405,21.53,22.645,235135.0
2020-10-27,22.38,22.66,21.885,22.06,255443.0
2020-10-28,23.15,24.68,23.08,24.575,276794.0
2020-10-29,24.19,24.4,22.55,23.32,238697.0
2020-10-30,23.85,25.7,23.65,25.08,328283.0
2020-11-02,24.49,25.76,23.955,25.0,124289.0
2020-11-03,24.4,24.66,23.06,23.6,302330.0
2020-11-04,21.36,21.78,20.02,20.465,400795.0
2020-11-05,19.13,19.38,18.675,18.85,327546.0
2020-11-06,19.04,19.75,18.705,18.85,140024.0
2020-11-09,18.25,19.995,17.995,19.995,219974.0
2020-11-10,20.67,21.61,20.405,21.075,383255.0
2020-11-11,20.56,20.56,19.55,19.63,171223.0
2020-11-12,19.435,20.14,19.18,19.945,105499.0
2020-11-13,19.64,19.97,19.29,19.33,64499.0
2020-11-16,19.43,19.56,18.91,19.035,56542.0
2020-11-17,18.915,19.21,18.86,19.13,74412.0
2020-11-18,19.25,19.5,18.905,19.5,66086.0
2020-11-19,19.595,19.725,19.02,19.1,70732.0
2020-11-20,19.14,19.45,18.95,19.45,57658.0
2020-11-23,19.14,19.91,19.02,19.44,81490.0
2020-11-24,19.245,19.6,18.57,18.63,137575.0
2020-11-25,18.47,18.6,18.185,18.265,67825.0
2020-11-27,17.97,17.985,17.585,17.83,42649.0
2020-11-30,17.71,18.54,17.64,17.8,89548.0
2020-12-01,17.34,17.46,16.71,16.96,262494.0
2020-12-02,17.21,17.505,16.88,16.95,87611.0
2020-12-03,16.8,16.965,16.62,16.915,146936.0
2020-12-04,16.86,16.96,16.635,16.65,98663.0
2020-12-07,16.61,16.61,16.315,16.375,95253.0
2020-12-08,16.445,16.725,16.155,16.205,155971.0
2020-12-09,16.33,17.455,16.21,17.215,142530.0
2020-12-10,17.645,17.83,16.91,17.07,165464.0
2020-12-11,17.395,17.77,17.19,17.27,162372.0
2020-12-14,16.985,16.985,16.52,16.835,202773.0
2020-12-15,16.43,16.815,16.315,16.325,85650.0
2020-12-16,16.26,16.375,15.9,16.025,103194.0
2020-12-17,15.74,15.95,15.68,15.69,130735.0
2020-12-18,15.59,16.2,15.59,15.82,430293.0
2020-12-21,16.305,16.72,15.87,15.93,191833.0
2020-12-22,15.85,16.22,15.67,15.83,141985.0
2020-12-23,15.79,16.07,15.75,16.07,74430.0
2020-12-24,15.9,15.985,15.77,15.87,36273.0
2020-12-28,15.41,15.7,15.285,15.35,104911.0
2020-12-29,15.15,15.44,15.1,15.34,283807.0
2020-12-30,15.1,15.39,15.1,15.34,47652.0
2020-12-31,15.31,15.48,15.17,15.17,70188.0
2021-01-04,15.0,16.38,15.0,15.87,243968.0
2021-01-05,15.87,15.905,15.435,15.46,94656.0
2021-01-06,16.21,16.31,15.46,16.1,380546.0
2021-01-07,15.655,15.655,14.795,14.895,215212.0
2021-01-08,14.565,14.89,14.32,14.32,263212.0
2021-01-11,14.76,15.04,14.59,14.965,131836.0
2021-01-12,14.87,15.42,14.8,14.975,1498823.0
2021-01-13,14.97,15.05,14.625,14.715,143133.0
2021-01-14,14.68,15.025,14.525,14.975,437053.0
2021-01-15,14.94,15.465,14.87,15.29,305371.0
2021-01-19,14.89,15.1,14.58,14.63,209200.0
2021-01-20,14.13,14.16,13.5,13.595,192635.0
2021-01-21,13.5,13.63,13.205,13.285,599513.0
2021-01-22,13.43,13.48,13.285,13.4,73236.0
2021-01-25,12.96,13.9,12.82,13.04,297625.0
2021-01-26,12.99,13.17,12.89,13.015,169250.0
2021-01-27,13.335,14.345,13.33,14.13,548129.0
2021-01-28,13.9,13.97,13.21,13.825,474235.0
2021-01-29,14.1,14.96,13.94,14.705,890673.0
2021-02-01,14.195,14.5,13.495,13.565,1052974.0
2021-02-02,13.22,13.23,12.825,12.935,311163.0
2021-02-03,12.695,13.1,12.67,13.07,166653.0
2021-02-04,12.88,13.1,12.665,12.665,217881.0
2021-02-05,12.58,12.72,12.41,12.505,229570.0
2021-02-08,12.33,12.51,12.26,12.265,808056.0
2021-02-09,12.34,12.345,12.14,12.28,560053.0
2021-02-10,12.11,12.7,12.07,12.385,790279.0
2021-02-11,12.175,12.43,12.12,12.14,656743.0
2021-02-12,12.28,12.36,11.935,11.95,606590.0
2021-02-16,11.85,12.165,11.775,12.04,477501.0
2021-02-17,12.4,12.625,12.19,12.215,769979.0
2021-02-18,12.64,12.83,12.315,12.41,571361.0
2021-02-19,12.24,12.65,12.225,12.55,744165.0
2021-02-22,13.07,13.53,12.915,13.53,991723.0
2021-02-23,14.225,14.945,13.43,13.64,1444004.0
2021-02-24,13.95,14.335,13.255,13.27,1134165.0
2021-02-25,13.63,14.88,13.32,14.695,985049.0
2021-02-26,14.265,14.945,13.81,14.41,1002578.0
2021-03-01,13.78,13.965,13.145,13.165,996220.0
2021-03-02,13.11,13.855,13.11,13.855,396164.0
2021-03-03,13.98,15.03,13.865,15.03,925373.0
2021-03-04,15.115,16.35,14.63,15.82,1248747.0
2021-03-05,15.29,16.77,14.905,15.06,1063491.0
2021-03-08,15.13,16.37,14.85,16.37,689148.0
2021-03-09,15.055,15.175,14.075,14.39,2036870.0
2021-03-10,13.78,14.605,13.75,14.52,777055.0
2021-03-11,13.83,13.93,13.25,13.48,1039060.0
2021-03-12,14.055,14.34,13.81,13.84,764417.0
2021-03-15,13.79,14.005,13.36,13.39,646078.0
2021-03-16,13.115,13.34,12.71,13.15,1265355.0
2021-03-17,13.61,13.755,12.77,13.035,463806.0
2021-03-18,13.61,14.25,13.49,14.21,425417.0
2021-03-19,14.19,14.5,13.84,13.94,560314.0
2021-03-22,13.7,13.7,12.98,13.24,632935.0
2021-03-23,13.13,13.51,12.955,13.45,420932.0
2021-03-24,13.245,14.1,13.245,14.1,310926.0
2021-03-25,14.445,14.705,13.98,14.185,632649.0
2021-03-26,14.13,14.4,13.515,13.515,618585.0
2021-03-29,13.61,13.995,13.42,13.63,531511.0
2021-03-30,13.79,14.1,13.7,13.87,212651.0
2021-03-31,13.535,13.535,12.92,13.12,385514.0
2021-04-01,12.66,12.66,12.435,12.435,641066.0
2021-04-05,12.16,12.17,11.62,11.685,782389.0
2021-04-06,11.73,11.8,11.52,11.755,193340.0
2021-04-07,11.8,11.87,11.555,11.645,239190.0
2021-04-08,11.32,11.4,11.27,11.275,376602.0
2021-04-09,11.43,11.48,11.05,11.08,934219.0
2021-04-12,11.17,11.3,11.08,11.12,322631.0
2021-04-13,10.95,10.95,10.68,10.72,240556.0
2021-04-14,10.715,11.16,10.715,11.15,393654.0
2021-04-15,10.77,10.79,10.565,10.62,386624.0
2021-04-16,10.57,10.73,10.55,10.57,227370.0
2021-04-19,10.72,11.02,10.61,10.89,275115.0
2021-04-20,10.915,11.28,10.81,11.11,379401.0
2021-04-21,11.21,11.31,10.79,10.8,287720.0
2021-04-22,10.84,11.3,10.75,11.19,937378.0
2021-04-23,11.13,11.13,10.635,10.75,847976.0
2021-04-26,10.74,10.81,10.535,10.58,1017876.0
2021-04-27,10.56,10.77,10.555,10.71,630381.0
2021-04-28,10.8,10.86,10.64,10.835,350594.0
2021-04-29,10.46,11.0,10.45,10.7,375728.0
2021-04-30,10.945,10.98,10.7,10.945,411431.0
2021-05-03,10.78,11.115,10.705,11.08,262715.0
2021-05-04,11.35,12.055,11.3,11.69,2015050.0
2021-05-05,11.415,11.86,11.35,11.8,266059.0
2021-05-06,11.82,12.05,11.53,11.53,466987.0
2021-05-07,11.2,11.34,10.995,11.22,461443.0
2021-05-10,11.37,12.07,11.37,12.05,319253.0
2021-05-11,12.8,12.805,12.05,12.12,707880.0
2021-05-12,12.73,13.135,12.45,13.075,750713.0
2021-05-13,12.695,13.07,12.4,12.77,576941.0
2021-05-14,12.35,12.425,11.81,11.88,475916.0
2021-05-17,12.11,12.45,12.06,12.135,191747.0
2021-05-18,12.1,12.37,11.905,12.37,267091.0
2021-05-19,13.04,13.04,12.315,12.335,550367.0
2021-05-20,12.17,12.19,11.53,11.63,700038.0
2021-05-21,11.43,11.85,11.43,11.84,257948.0
2021-05-24,11.58,11.58,11.1,11.22,634445.0
2021-05-25,11.055,11.29,10.99,11.17,252233.0
2021-05-26,11.05,11.16,11.01,11.075,132858.0
2021-05-27,11.11,11.19,11.02,11.12,156904.0
2021-05-28,11.04,11.1,10.91,11.1,273183.0
2021-06-01,10.95,11.315,10.89,11.155,333415.0
2021-06-02,11.16,11.29,11.04,11.125,169916.0
2021-06-03,11.415,11.615,11.28,11.47,246122.0
2021-06-04,11.255,11.255,10.83,10.865,1055369.0
2021-06-07,10.925,10.97,10.775,10.78,318692.0
2021-06-08,10.6,10.925,10.52,10.77,876466.0
2021-06-09,10.62,10.765,10.56,10.745,139349.0
2021-06-10,10.73,10.75,10.405,10.41,626795.0
2021-06-11,10.42,10.47,10.33,10.33,332798.0
2021-06-14,10.36,10.38,10.065,10.065,274415.0
2021-06-15,10.07,10.29,10.06,10.26,372416.0
2021-06-16,10.17,10.66,10.1,10.35,972550.0
2021-06-17,10.44,10.44,9.86,9.96,618948.0
2021-06-18,10.08,10.24,10.0,10.16,394619.0
2021-06-21,10.19,10.36,9.97,9.985,295946.0
2021-06-22,10.02,10.02,9.675,9.72,427347.0
2021-06-23,9.71,9.76,9.61,9.71,335947.0
2021-06-24,9.53,9.57,9.39,9.52,550257.0
2021-06-25,9.48,9.6,9.46,9.55,508173.0
2021-06-28,9.4,9.4,9.195,9.2,579545.0
2021-06-29,9.22,9.27,9.11,9.11,455400.0
2021-06-30,9.12,9.19,9.09,9.13,281133.0
2021-07-01,9.18,9.28,9.11,9.145,691827.0
2021-07-02,8.98,8.99,8.8,8.83,512750.0
2021-07-06,8.77,8.98,8.69,8.71,1708995.0
2021-07-07,8.54,8.79,8.53,8.665,739570.0
2021-07-08,9.05,9.115,8.75,8.83,584325.0
2021-07-09,8.86,8.88,8.61,8.64,326579.0
2021-07-12,8.54,8.65,8.51,8.54,458317.0
2021-07-13,8.57,8.6,8.33,8.55,1089070.0
2021-07-14,8.37,8.55,8.33,8.515,684700.0
2021-07-15,8.51,8.815,8.5,8.69,656330.0
2021-07-16,8.605,8.905,8.54,8.895,551993.0
2021-07-19,9.17,9.295,9.065,9.11,1631398.0
2021-07-20,9.02,9.15,8.67,8.775,490921.0
2021-07-21,8.81,8.82,8.59,8.59,454821.0
2021-07-22,8.52,8.54,8.405,8.415,407236.0
2021-07-23,8.31,8.4,8.09,8.12,1418439.0
2021-07-26,8.16,8.21,8.07,8.1,648353.0
2021-07-27,8.12,8.64,8.12,8.37,1848608.0
2021-07-28,8.27,8.43,8.17,8.25,1752043.0
2021-07-29,8.29,8.29,8.145,8.22,910967.0
2021-07-30,8.47,8.47,8.31,8.35,639698.0
2021-08-02,8.23,8.38,8.19,8.355,328178.0
2021-08-03,8.32,8.52,8.195,8.21,602407.0
2021-08-04,8.2,8.26,8.1,8.14,770445.0
2021-08-05,8.1,8.13,8.0,8.0,327183.0
2021-08-06,8.08,8.18,8.03,8.105,419113.0
2021-08-09,8.06,8.13,8.03,8.06,259848.0
2021-08-10,8.06,8.265,8.01,8.19,391518.0
2021-08-11,8.1,8.32,8.07,8.225,443478.0
2021-08-12,8.3,8.345,8.115,8.125,259839.0
2021-08-13,8.12,8.14,8.035,8.055,220400.0
2021-08-16,8.125,8.37,8.065,8.065,396880.0
2021-08-17,8.275,8.41,8.17,8.26,745990.0
2021-08-18,8.3,8.515,8.2,8.51,514227.0
2021-08-19,8.64,8.65,8.25,8.38,1345704.0
2021-08-20,8.295,8.3,8.09,8.095,277087.0
2021-08-23,8.03,8.03,7.7,7.75,412111.0
2021-08-24,7.695,7.73,7.64,7.685,165746.0
2021-08-25,7.65,7.7,7.62,7.645,135591.0
2021-08-26,7.68,7.81,7.655,7.795,184575.0
2021-08-27,7.71,7.76,7.54,7.555,288961.0
2021-08-30,7.51,7.51,7.285,7.3,329989.0
2021-08-31,7.38,7.41,7.3,7.33,558312.0
2021-09-01,7.26,7.3,7.17,7.295,320587.0
2021-09-02,7.2,7.365,7.2,7.31,372312.0
2021-09-03,7.36,7.36,7.21,7.23,273684.0
2021-09-07,7.225,7.28,7.165,7.195,226487.0
2021-09-08,7.22,7.4,7.22,7.285,599441.0
2021-09-09,7.25,7.36,7.2,7.36,437552.0
2021-09-10,7.245,7.53,7.21,7.53,380096.0
2021-09-13,7.39,7.66,7.35,7.54,413421.0
2021-09-14,7.41,7.655,7.4,7.62,282370.0
2021-09-15,7.565,7.695,7.41,7.44,376635.0
2021-09-16,7.53,7.62,7.38,7.41,514246.0
2021-09-17,7.46,7.735,7.46,7.655,449997.0
2021-09-20,8.045,8.44,7.94,8.145,754024.0
2021-09-21,8.005,8.195,7.945,8.1,500541.0
2021-09-22,8.08,8.12,7.8,7.895,307720.0
2021-09-23,7.8,7.845,7.61,7.67,298723.0
2021-09-24,7.83,7.83,7.625,7.64,240947.0
2021-09-27,7.82,7.97,7.785,7.835,186899.0
2021-09-28,8.155,8.52,8.1,8.49,575920.0
2021-09-29,8.37,8.58,8.27,8.545,585912.0
2021-09-30,8.42,8.63,8.3,8.605,539744.0
2021-10-01,8.6,8.875,8.4,8.475,430261.0
2021-10-04,8.59,9.14,8.59,9.005,577863.0
2021-10-05,8.83,8.9,8.47,8.64,436522.0
2021-10-06,8.875,8.93,8.455,8.455,421602.0
2021-10-07,8.24,8.27,8.05,8.265,389744.0
2021-10-08,8.15,8.395,8.15,8.375,402198.0
2021-10-11,8.47,8.54,8.22,8.54,248084.0
2021-10-12,8.46,8.68,8.42,8.625,340835.0
2021-10-13,8.495,8.61,8.4,8.445,459266.0
2021-10-14,8.175,8.22,7.955,7.97,755768.0
2021-10-15,7.885,7.94,7.815,7.815,305896.0
2021-10-18,7.91,7.93,7.57,7.575,582409.0
2021-10-19,7.51,7.54,7.405,7.42,613201.0
2021-10-20,7.38,7.525,7.35,7.445,491387.0
2021-10-21,7.485,7.5,7.29,7.295,387794.0
2021-10-22,7.37,7.58,7.33,7.49,635449.0
2021-10-25,7.39,7.5,7.2,7.27,522573.0
2021-10-26,7.08,7.24,6.98,7.2,683428.0
2021-10-27,7.14,7.165,6.96,7.135,532291.0
2021-10-28,7.03,7.065,6.89,6.89,543349.0
2021-10-29,7.07,7.07,6.79,6.79,328392.0
2021-11-01,6.79,6.885,6.72,6.72,284033.0
2021-11-02,6.76,6.76,6.62,6.645,407413.0
2021-11-03,6.61,6.665,6.405,6.42,672331.0
2021-11-04,6.37,6.39,6.14,6.19,784157.0
2021-11-05,6.1,6.22,6.055,6.16,426809.0
2021-11-08,6.165,6.215,6.12,6.19,442148.0
2021-11-09,6.13,6.375,6.13,6.32,726300.0
2021-11-10,6.455,6.685,6.315,6.59,894312.0
2021-11-11,6.435,6.55,6.42,6.535,316021.0
2021-11-12,6.51,6.555,6.31,6.33,274123.0
2021-11-15,6.28,6.455,6.26,6.34,849286.0
2021-11-16,6.365,6.37,6.175,6.195,395173.0
2021-11-17,6.19,6.23,6.1,6.19,254145.0
2021-11-18,6.09,6.19,5.975,6.0,606025.0
2021-11-19,5.925,5.955,5.84,5.89,1277640.0
2021-11-22,5.83,6.1,5.695,6.095,747660.0
2021-11-23,6.16,6.395,6.07,6.18,1226231.0
2021-11-24,6.305,6.41,6.115,6.125,443428.0
2021-11-26,6.25,6.53,6.19,6.46,748136.0
2021-11-29,6.24,6.27,6.0,6.035,410915.0
2021-11-30,6.105,6.4,5.98,6.32,719139.0
2021-12-01,6.08,6.635,5.99,6.635,923892.0
2021-12-02,6.71,6.77,6.4,6.48,1388669.0
2021-12-03,6.4,7.035,6.375,6.82,1307516.0
2021-12-06,6.805,7.02,6.6,6.66,613461.0
2021-12-07,6.31,6.31,6.035,6.06,1506791.0
2021-12-08,6.05,6.125,5.97,5.97,604755.0
2021-12-09,6.035,6.25,5.96,6.25,1083364.0
2021-12-10,6.095,6.26,6.03,6.03,1317858.0
2021-12-13,6.04,6.3,6.04,6.3,945358.0
2021-12-14,6.53,6.7,6.41,6.51,894964.0
2021-12-15,6.515,6.71,6.03,6.06,1522196.0
2021-12-16,6.0,6.58,5.99,6.515,1359376.0
2021-12-17,6.705,6.765,6.4,6.59,690127.0
2021-12-20,6.87,6.965,6.765,6.81,690859.0
2021-12-21,6.61,6.82,6.33,6.33,1089095.0
2021-12-22,6.37,6.4,6.11,6.11,623144.0
2021-12-23,6.09,6.09,5.91,5.96,239306.0
2021-12-27,5.905,5.905,5.685,5.685,776623.0
2021-12-28,5.67,5.795,5.665,5.765,289246.0
2021-12-29,5.72,5.865,5.705,5.75,828227.0
2021-12-30,5.755,5.83,5.68,5.82,145566.0
2021-12-31,5.805,5.94,5.795,5.94,372595.0
2022-01-03,5.865,5.96,5.74,5.745,262427.0
2022-01-04,5.73,6.1,5.73,5.96,554404.0
2022-01-05,6.035,6.53,6.005,6.53,1425963.0
2022-01-06,6.625,6.73,6.37,6.525,1224641.0
2022-01-07,6.54,6.81,6.45,6.73,1097709.0
2022-01-10,7.01,7.3,6.71,6.71,1148991.0
2022-01-11,6.77,6.87,6.425,6.44,1039953.0
2022-01-12,6.3,6.465,6.22,6.36,1111221.0
2022-01-13,31.405,34.32,31.3,34.31,402008.0
2022-01-14,34.84,34.885,33.4,33.44,328015.0
2022-01-18,35.05,36.11,34.5,36.0,181204.0
2022-01-19,35.54,37.22,34.805,37.18,275150.0
2022-01-20,36.17,38.77,34.93,38.53,354572.0
2022-01-21,39.4,41.84,38.45,41.81,351357.0
2022-01-24,43.98,48.07,41.01,41.12,252044.0
2022-01-25,43.61,45.29,42.17,44.3,102714.0
2022-01-26,41.08,45.53,39.67,43.93,223230.0
2022-01-27,42.73,46.03,41.835,45.55,111800.0
2022-01-28,44.81,46.69,41.285,41.3,98609.0
2022-01-31,40.87,40.87,37.165,37.195,216624.0
2022-02-01,36.94,38.515,36.44,36.45,212641.0
2022-02-02,35.34,36.94,35.295,35.67,327747.0
2022-02-03,38.65,40.33,37.6,39.86,352413.0
2022-02-04,39.48,40.495,37.35,38.4,266568.0
2022-02-07,38.36,39.785,37.54,39.45,169972.0
2022-02-08,39.805,40.18,37.7,37.73,353444.0
2022-02-09,36.6,37.1,35.63,35.68,376926.0
2022-02-10,37.74,38.6,35.74,38.05,498570.0
2022-02-11,38.0,42.08,37.6,41.64,432196.0
2022-02-14,41.9,42.81,40.29,41.46,236443.0
2022-02-15,39.745,39.96,38.37,38.38,243247.0
2022-02-16,39.37,40.19,38.13,38.44,269168.0
2022-02-17,39.455,42.03,39.4,41.91,314774.0
2022-02-18,41.51,44.18,41.48,43.36,398276.0
2022-02-22,44.5,46.06,42.38,44.7,342990.0
2022-02-23,43.32,48.18,43.04,48.12,317837.0
2022-02-24,52.68,52.805,43.02,43.18,298236.0
2022-02-25,43.07,44.32,41.17,41.18,182257.0
2022-02-28,42.37,42.75,40.205,40.78,635279.0
2022-03-01,41.105,43.57,40.45,42.61,568576.0
2022-03-02,42.16,43.16,40.1,40.525,359566.0
2022-03-03,39.6,42.92,39.6,42.3,250497.0
2022-03-04,42.9,44.99,42.67,44.02,464289.0
2022-03-07,44.12,49.0,43.975,49.0,353829.0
2022-03-08,49.29,51.155,45.28,49.62,238790.0
2022-03-09,45.76,47.025,43.755,44.34,271686.0
2022-03-10,45.99,47.57,45.355,45.82,105158.0
2022-03-11,44.5,48.78,44.5,48.78,126961.0
2022-03-14,49.18,51.72,47.67,51.435,164795.0
2022-03-15,50.04,50.85,46.205,46.59,266601.0
2022-03-16,44.82,46.43,41.5,41.5,479656.0
2022-03-17,42.115,42.56,40.0,40.01,263524.0
2022-03-18,40.46,40.815,37.33,37.43,654492.0
2022-03-21,37.71,39.17,37.0,37.76,578742.0
2022-03-22,37.6,37.62,35.245,35.5,578386.0
2022-03-23,36.4,37.025,35.31,37.0,553038.0
2022-03-24,36.435,37.095,34.57,34.58,297686.0
2022-03-25,34.66,35.92,34.3,34.65,469541.0
2022-03-28,34.58,35.01,33.04,33.04,559116.0
2022-03-29,31.965,32.725,31.18,31.45,559233.0
2022-03-30,31.72,32.77,31.41,32.4,564247.0
2022-03-31,32.34,33.805,32.27,33.76,601237.0
2022-04-01,33.56,34.69,33.3,33.72,555841.0
2022-04-04,33.5,33.6,31.705,31.71,514904.0
2022-04-05,31.94,34.05,31.915,33.77,419920.0
2022-04-06,35.39,36.75,35.03,36.005,913232.0
2022-04-07,36.3,37.39,35.06,35.83,542394.0
2022-04-08,36.32,37.435,36.06,37.325,625827.0
2022-04-11,38.645,40.0,38.37,39.905,474199.0
2022-04-12,38.26,40.9,37.51,40.355,630433.0
2022-04-13,40.315,40.48,37.57,37.92,447678.0
2022-04-14,37.93,40.61,37.77,40.585,633702.0
2022-04-18,40.66,41.5,39.6,40.43,487037.0
2022-04-19,40.715,40.92,37.55,37.74,369633.0
2022-04-20,37.55,39.79,37.37,39.48,380711.0
2022-04-21,37.99,42.16,37.12,41.76,691575.0
2022-04-22,41.83,45.28,41.49,45.175,644705.0
2022-04-25,45.86,46.36,43.26,43.31,649036.0
2022-04-26,44.36,48.34,44.22,48.34,522910.0
2022-04-27,48.25,49.26,45.85,48.37,399739.0
2022-04-28,45.645,48.03,42.45,43.37,626154.0
2022-04-29,45.07,49.39,43.63,49.265,568225.0
2022-05-02,49.04,50.85,46.61,46.76,514059.0
2022-05-03,47.19,47.71,45.535,46.58,430963.0
2022-05-04,46.47,48.71,41.53,41.78,1080330.0
2022-05-05,43.52,49.4,43.52,47.84,721662.0
2022-05-06,48.93,51.74,47.21,49.74,469984.0
2022-05-09,52.585,56.38,51.53,55.78,349698.0
2022-05-10,51.59,56.0,50.98,53.6,484170.0
2022-05-11,54.94,58.91,51.92,58.525,340179.0
2022-05-12,61.13,62.59,56.26,58.89,337267.0
2022-05-13,56.12,57.09,51.7,52.32,365372.0
2022-05-16,53.23,54.76,52.19,54.22,344168.0
2022-05-17,50.84,52.94,49.79,50.1,320544.0
2022-05-18,52.2,57.82,51.95,57.425,391758.0
2022-05-19,58.27,59.39,55.38,58.21,339414.0
2022-05-20,55.89,63.83,55.68,58.66,520558.0
2022-05-23,58.04,59.52,55.61,55.78,379504.0
2022-05-24,58.91,62.2,58.46,59.55,425579.0
2022-05-25,60.32,60.34,55.57,57.0,380274.0
2022-05-26,57.47,57.47,51.23,52.06,447404.0
2022-05-27,50.47,50.52,47.0,47.0,762740.0
2022-05-31,46.97,49.19,46.03,47.32,700259.0
2022-06-01,46.23,49.49,45.42,48.44,735045.0
2022-06-02,48.95,49.69,44.4,44.485,660591.0
2022-06-03,46.92,48.49,46.15,47.95,666259.0
2022-06-06,45.75,48.21,45.08,47.37,510401.0
2022-06-07,49.06,49.55,45.88,46.21,520945.0
2022-06-08,46.61,47.62,45.44,47.2,507309.0
2022-06-09,48.12,51.09,46.69,51.09,568492.0
2022-06-10,53.95,56.66,53.44,56.515,642670.0
2022-06-13,61.8,64.83,60.4,64.23,674489.0
2022-06-14,62.78,65.755,62.04,63.86,354530.0
2022-06-15,61.48,63.42,56.4,59.185,699476.0
2022-06-16,63.78,67.68,63.48,66.24,633910.0
2022-06-17,65.75,67.03,62.11,63.86,578588.0
2022-06-21,60.71,60.78,57.5,59.14,387674.0
2022-06-22,60.99,61.09,56.56,59.32,502437.0
2022-06-23,57.83,59.59,56.24,56.98,521260.0
2022-06-24,54.98,55.17,51.0,51.005,645149.0
2022-06-27,50.2,52.63,49.92,51.92,667463.0
2022-06-28,51.72,56.9,50.35,56.81,1069439.0
2022-06-29,56.89,58.42,55.75,56.61,587111.0
2022-06-30,58.5,61.44,56.64,58.75,997655.0
2022-07-01,59.64,60.78,57.46,57.64,604197.0
2022-07-05,59.92,60.86,54.65,54.72,1136559.0
2022-07-06,54.37,55.43,52.4,53.63,702746.0
2022-07-07,53.03,53.08,49.81,50.25,952769.0
2022-07-08,51.75,52.16,49.31,49.97,889639.0
2022-07-11,51.44,53.66,51.28,53.19,833962.0
2022-07-12,52.455,55.67,51.5,54.78,744408.0
2022-07-13,57.94,58.34,53.74,55.14,627989.0
2022-07-14,56.5,58.5,54.05,54.44,821244.0
2022-07-15,52.72,53.72,51.54,51.54,888445.0
2022-07-18,50.135,53.51,49.325,52.9,869526.0
2022-07-19,50.76,51.77,47.82,47.94,680592.0
2022-07-20,47.8,48.135,45.17,45.73,1258137.0
2022-07-21,45.53,46.76,43.71,43.73,1461495.0
2022-07-22,44.23,46.89,43.3,46.2,1192936.0
2022-07-25,46.1,47.82,45.89,46.75,548751.0
2022-07-26,47.73,50.05,47.65,49.57,620778.0
2022-07-27,47.27,47.57,42.48,43.6,1047605.0
2022-07-28,43.53,45.09,41.88,42.15,988389.0
2022-07-29,41.475,42.06,39.48,39.81,1075973.0
2022-08-01,40.51,40.93,38.56,39.93,934069.0
2022-08-02,40.86,41.19,38.675,40.28,1100917.0
2022-08-03,39.5,39.63,36.67,37.08,962559.0
2022-08-04,37.0,37.72,36.4,36.46,750592.0
2022-08-05,38.27,38.52,36.7,37.37,903154.0
2022-08-08,37.09,38.285,35.78,37.75,920578.0
2022-08-09,38.59,39.635,38.46,39.06,748140.0
2022-08-10,36.27,37.22,35.685,35.78,797839.0
2022-08-11,35.0,36.65,34.35,36.33,986598.0
2022-08-12,35.63,36.06,34.24,34.28,624592.0
2022-08-15,34.55,34.55,33.3,33.49,697903.0
2022-08-16,33.8,34.65,33.05,33.75,1045951.0
2022-08-17,34.69,35.5,33.97,34.89,859395.0
2022-08-18,34.88,35.425,34.25,34.7,529668.0
2022-08-19,35.64,36.91,35.44,36.66,697775.0
2022-08-22,38.24,39.85,38.12,39.595,801158.0
2022-08-23,39.65,39.97,38.59,39.69,705154.0
2022-08-24,39.87,40.07,38.68,39.38,432342.0
2022-08-25,38.69,39.06,37.29,37.34,763506.0
2022-08-26,37.38,41.96,36.99,41.93,913112.0
2022-08-29,43.08,43.55,42.0,43.11,998931.0
2022-08-30,42.3,45.65,42.24,44.6,1051793.0
2022-08-31,43.35,45.4,42.93,45.36,902454.0
2022-09-01,46.62,48.27,45.21,45.35,1287707.0
2022-09-02,43.96,48.02,43.4,47.35,1379362.0
2022-09-06,47.04,49.36,46.64,48.44,906828.0
2022-09-07,48.05,48.2,44.9,45.44,1134503.0
2022-09-08,46.59,46.99,44.1,44.6,1221005.0
2022-09-09,43.69,43.69,41.57,41.83,1012536.0
2022-09-12,41.21,41.35,40.17,40.24,950619.0
2022-09-13,43.85,47.31,43.37,46.84,1192498.0
2022-09-14,46.38,47.24,45.42,45.74,904741.0
2022-09-15,46.8,48.88,45.64,48.125,855012.0
2022-09-16,49.91,50.88,48.84,49.06,757972.0
2022-09-19,50.46,50.46,47.8,47.8,709778.0
2022-09-20,49.16,50.2,47.92,49.03,652941.0
2022-09-21,48.55,51.94,46.43,51.94,785717.0
2022-09-22,52.66,54.35,52.05,53.69,935690.0
2022-09-23,55.13,58.28,55.0,56.13,948667.0
2022-09-26,56.63,57.47,53.86,57.26,738776.0
2022-09-27,54.85,58.42,53.38,56.95,995095.0
2022-09-28,56.95,57.91,52.79,53.55,1366384.0
2022-09-29,55.97,60.01,55.77,58.16,1381063.0
2022-09-30,58.82,61.32,56.17,61.19,1032094.0
2022-10-03,59.92,61.07,55.85,56.86,1107423.0
2022-10-04,53.48,53.48,51.16,51.68,741014.0
2022-10-05,53.71,55.215,50.685,51.55,679592.0
2022-10-06,52.27,53.15,50.55,53.07,778184.0
2022-10-07,55.75,59.815,55.62,59.05,856218.0
2022-10-10,58.88,62.62,58.74,60.96,507829.0
2022-10-11,62.05,64.48,60.0,63.15,645314.0
2022-10-12,62.8,63.94,61.5,63.33,429909.0
2022-10-13,68.93,69.5,58.01,59.02,574133.0
2022-10-14,57.43,64.71,57.16,64.44,344366.0
2022-10-17,59.81,59.81,57.3,57.81,918730.0
2022-10-18,53.31,58.3,52.885,56.455,575999.0
2022-10-19,57.69,58.66,55.25,57.15,413716.0
2022-10-20,57.76,58.86,54.51,58.2,641584.0
2022-10-21,58.87,59.54,53.75,54.04,484129.0
2022-10-24,53.8,56.05,51.7,52.25,563087.0
2022-10-25,51.5,51.5,48.89,48.97,432617.0
2022-10-26,52.0,52.54,49.2,52.35,967480.0
2022-10-27,52.65,55.5,52.2,55.36,586965.0
2022-10-28,55.66,55.68,49.855,50.04,996145.0
2022-10-31,51.42,52.91,51.04,51.96,568725.0
2022-11-01,49.86,53.69,49.65,53.52,488501.0
2022-11-02,53.52,59.33,51.72,59.33,819744.0
2022-11-03,61.01,62.79,59.87,62.53,987851.0
2022-11-04,58.82,63.565,57.515,59.63,1066327.0
2022-11-07,58.74,60.29,57.23,57.69,733429.0
2022-11-08,56.55,58.95,54.235,56.35,857782.0
2022-11-09,57.7,60.5,57.1,60.405,530849.0
2022-11-10,51.5,53.07,46.8,47.12,1353126.0
2022-11-11,46.96,47.73,44.03,44.39,1061689.0
2022-11-14,45.34,45.99,43.81,45.42,625056.0
2022-11-15,42.19,45.28,41.795,43.57,1180331.0
2022-11-16,44.59,45.825,44.44,45.46,718523.0
2022-11-17,47.69,47.72,45.1,45.78,967526.0
2022-11-18,44.3,47.03,44.3,45.85,728343.0
2022-11-21,46.54,47.665,45.97,47.29,653234.0
2022-11-22,46.83,47.985,45.165,45.3,556312.0
2022-11-23,45.26,45.36,43.635,43.89,568107.0
2022-11-25,44.66,45.03,44.38,44.89,228696.0
2022-11-28,45.81,47.23,44.825,46.83,563452.0
2022-11-29,46.71,48.57,46.53,47.885,653253.0
2022-11-30,47.76,48.22,41.405,41.52,701357.0
2022-12-01,41.26,42.42,40.48,41.3,535542.0
2022-12-02,43.41,43.515,41.375,41.85,843800.0
2022-12-05,42.68,44.505,42.16,43.87,574277.0
2022-12-06,43.98,47.265,43.915,46.54,839683.0
2022-12-07,47.27,48.04,46.22,47.25,806519.0
2022-12-08,46.57,47.64,45.1,45.6,820704.0
2022-12-09,46.1,46.695,44.76,46.46,758492.0
2022-12-12,46.435,46.93,44.765,44.97,547705.0
2022-12-13,39.51,44.6,39.5,43.32,988236.0
2022-12-14,43.605,45.79,42.11,44.4,653801.0
2022-12-15,46.365,49.395,46.02,48.8,902187.0
2022-12-16,49.29,51.11,48.39,50.275,731408.0
2022-12-19,50.18,53.07,50.175,52.25,693348.0
2022-12-20,53.09,54.04,51.5,52.52,771660.0
2022-12-21,51.965,52.445,49.5,50.27,525182.0
2022-12-22,52.055,56.24,51.85,53.85,804958.0
2022-12-23,54.7,55.88,53.165,53.56,548116.0
2022-12-27,53.91,56.13,53.89,55.65,734665.0
2022-12-28,56.11,58.275,54.71,58.09,875933.0
2022-12-29,56.24,56.71,53.28,53.895,584920.0
2022-12-30,55.67,56.44,53.995,53.995,576742.0
2023-01-03,52.62,56.55,51.72,55.14,475076.0
2023-01-04,53.78,56.35,53.34,54.305,509499.0
2023-01-05,55.58,57.17,55.47,56.97,513815.0
2023-01-06,55.8,57.77,51.55,52.36,845621.0
2023-01-09,51.11,51.66,48.535,51.37,742104.0
2023-01-10,51.94,52.205,49.99,50.005,498458.0
2023-01-11,49.34,49.87,47.4,47.5,564993.0
2023-01-12,47.15,49.465,46.25,46.76,934227.0
2023-01-13,48.08,48.22,45.705,45.845,573443.0
2023-01-17,45.87,46.505,44.935,45.645,555252.0
2023-01-18,44.72,47.44,44.05,47.36,698602.0
2023-01-19,48.35,49.415,47.68,48.32,640827.0
2023-01-20,48.0,48.51,44.675,44.95,912180.0
2023-01-23,44.38,44.77,41.27,41.85,790891.0
2023-01-24,42.53,42.81,41.64,42.09,660096.0
2023-01-25,44.27,45.275,42.165,42.36,857208.0
2023-01-26,40.9,42.11,39.95,39.97,777335.0
2023-01-27,40.55,40.6,38.01,38.76,939176.0
2023-01-30,40.18,41.31,39.61,41.275,969214.0
2023-01-31,41.17,41.17,39.335,39.41,633343.0
2023-02-01,39.46,40.27,35.85,36.89,1028435.0
2023-02-02,34.43,34.7,32.2,33.09,1684425.0
2023-02-03,35.11,35.19,32.725,34.69,1574450.0
2023-02-06,35.6,36.04,34.79,35.52,870165.0
2023-02-07,35.62,36.03,32.995,33.47,1109717.0
2023-02-08,33.8,35.39,33.53,35.12,1130352.0
2023-02-09,33.64,36.64,33.62,36.14,929294.0
2023-02-10,36.94,37.75,36.24,36.91,1177288.0
2023-02-13,36.39,36.8,34.9,35.11,689462.0
2023-02-14,35.71,36.36,34.02,34.42,1211081.0
2023-02-15,35.01,35.215,33.545,33.545,786469.0
2023-02-16,35.17,35.575,33.89,35.56,1529399.0
2023-02-17,36.38,37.37,36.05,36.3,948364.0
2023-02-21,37.725,38.94,37.215,38.84,1134054.0
2023-02-22,38.64,39.47,37.99,38.91,928786.0
2023-02-23,37.4,39.55,37.335,37.845,935197.0
2023-02-24,39.92,40.46,39.36,39.735,1064598.0
2023-02-27,38.48,39.17,37.91,38.94,708090.0
2023-02-28,39.22,39.34,38.1,39.07,766648.0
2023-03-01,39.3,40.47,38.99,40.13,957983.0
2023-03-02,41.23,41.28,38.79,39.09,967758.0
2023-03-03,38.42,38.63,36.635,36.76,910749.0
2023-03-06,36.25,36.675,35.16,36.58,820068.0
2023-03-07,36.585,38.2,36.27,37.99,1033215.0
2023-03-08,37.82,38.54,37.19,37.41,1265539.0
2023-03-09,37.24,39.72,36.28,39.45,1303762.0
2023-03-10,39.38,41.53,38.75,41.08,2786449.0
2023-03-13,41.92,42.57,38.6,40.25,2465270.0
2023-03-14,38.7,39.06,37.22,37.43,2091577.0
2023-03-15,38.59,39.03,36.765,36.89,1796637.0
2023-03-16,37.3,37.57,33.88,34.04,1019044.0
2023-03-17,34.05,35.16,33.26,34.53,1211179.0
2023-03-20,34.73,35.5,34.08,34.24,880686.0
2023-03-21,33.51,34.03,32.58,32.76,707690.0
2023-03-22,32.55,33.88,30.99,33.8,1420603.0
2023-03-23,32.63,33.59,31.245,32.76,1085721.0
2023-03-24,32.87,33.58,32.28,32.28,1041780.0
2023-03-27,32.12,33.28,31.8,33.04,909830.0
2023-03-28,33.24,34.32,33.22,33.555,1032337.0
2023-03-29,32.28,32.61,31.55,31.77,1029052.0
2023-03-30,31.02,31.395,30.68,30.9,780904.0
2023-03-31,30.85,30.88,29.29,29.39,971318.0
2023-04-03,29.98,30.31,29.5,29.58,1085966.0
2023-04-04,29.45,30.22,29.2,29.86,739966.0
2023-04-05,30.23,31.35,30.17,30.845,1185428.0
2023-04-06,31.36,31.74,30.08,30.215,732892.0
2023-04-10,31.06,31.585,30.28,30.31,564857.0
2023-04-11,30.34,31.01,30.32,30.89,445507.0
2023-04-12,30.3,31.855,30.15,31.75,1381643.0
2023-04-13,31.23,31.26,29.75,29.89,1068519.0
2023-04-14,30.36,30.89,29.6,30.06,1012298.0
2023-04-17,30.2,30.78,29.91,30.03,736297.0
2023-04-18,29.41,30.36,29.3,29.97,588422.0
2023-04-19,30.73,30.76,29.79,30.06,574002.0
2023-04-20,30.98,31.17,29.96,30.81,1077545.0
2023-04-21,30.945,31.44,30.5,30.72,704324.0
2023-04-24,30.82,31.565,30.42,30.94,714317.0
2023-04-25,31.44,32.71,31.24,32.71,792233.0
2023-04-26,31.64,32.285,31.15,32.125,1132491.0
2023-04-27,30.97,31.18,29.38,29.515,1157421.0
2023-04-28,29.64,29.93,28.88,28.88,1494267.0
2023-05-01,29.09,29.345,28.68,29.03,827674.0
2023-05-02,29.08,30.3,29.035,29.84,1316778.0
2023-05-03,29.76,30.43,29.005,30.41,1036440.0
2023-05-04,30.53,31.07,30.2,30.84,1625854.0
2023-05-05,30.17,30.25,28.6,28.88,1267568.0
2023-05-08,28.96,29.275,28.555,28.64,516776.0
2023-05-09,29.1,29.28,28.885,29.21,661555.0
2023-05-10,28.53,29.21,28.03,28.285,1230543.0
2023-05-11,28.16,28.55,27.89,28.045,920131.0
2023-05-12,27.91,28.865,27.805,28.35,1458840.0
2023-05-15,28.23,28.635,27.855,27.89,1128569.0
2023-05-16,28.08,28.1,27.37,27.8,594729.0
2023-05-17,27.555,27.85,26.665,26.85,895139.0
2023-05-18,26.75,26.75,25.315,25.33,1115757.0
2023-05-19,25.31,25.79,25.18,25.56,1143288.0
2023-05-22,25.57,25.61,25.08,25.3,560207.0
2023-05-23,25.705,26.355,25.45,26.245,1024003.0
2023-05-24,26.74,27.185,26.395,26.685,925043.0
2023-05-25,24.89,25.51,24.49,24.79,1325731.0
2023-05-26,24.57,24.59,22.725,22.91,1806419.0
2023-05-30,22.04,22.88,21.835,22.6,944860.0
2023-05-31,22.935,23.275,22.57,23.06,697927.0
2023-06-01,23.05,23.28,21.96,22.22,774183.0
2023-06-02,21.88,22.23,21.52,21.72,916575.0
2023-06-05,21.77,21.88,21.22,21.7,782884.0
2023-06-06,21.84,22.06,21.54,21.69,598212.0
2023-06-07,21.66,22.95,21.33,22.84,878567.0
2023-06-08,22.8,22.85,21.93,22.0,527274.0
2023-06-09,21.75,22.01,21.2,21.775,723571.0
2023-06-12,21.47,21.66,20.67,20.67,500068.0
2023-06-13,20.19,20.76,20.08,20.23,923150.0
2023-06-14,20.2,20.695,19.74,19.79,795312.0
2023-06-15,20.025,20.13,18.87,19.13,1293853.0
2023-06-16,18.74,19.53,18.73,19.46,761091.0
2023-06-20,19.73,20.055,19.355,19.555,904603.0
2023-06-21,19.49,20.255,19.46,20.1,1250768.0
2023-06-22,20.375,20.41,19.41,19.42,630852.0
2023-06-23,20.08,20.29,19.65,20.0,682734.0
2023-06-26,20.135,20.84,19.65,20.82,563347.0
2023-06-27,20.59,20.695,19.65,19.745,815109.0
2023-06-28,20.07,20.075,19.35,19.69,850431.0
2023-06-29,19.74,20.07,19.63,19.81,1140541.0
2023-06-30,19.21,19.255,18.75,18.9,704286.0
2023-07-03,18.835,18.98,18.69,18.78,247846.0
2023-07-05,19.035,19.035,18.54,18.795,553156.0
2023-07-06,19.39,19.69,19.185,19.25,572431.0
2023-07-07,19.295,19.475,18.8,19.44,792506.0
2023-07-10,19.52,19.905,19.335,19.445,583358.0
2023-07-11,19.365,19.72,19.095,19.155,417169.0
2023-07-12,18.51,18.84,18.24,18.475,1007718.0
2023-07-13,17.99,18.08,17.41,17.525,613155.0
2023-07-14,17.455,17.67,17.03,17.55,603168.0
2023-07-17,17.45,17.52,16.95,17.095,332426.0
2023-07-18,17.175,17.42,16.49,16.655,938237.0
2023-07-19,16.53,16.85,16.39,16.7,856308.0
2023-07-20,17.075,17.98,16.9,17.85,1029723.0
2023-07-21,17.52,18.08,17.42,18.0,925897.0
2023-07-24,17.91,18.225,17.765,17.95,412909.0
2023-07-25,17.85,17.855,17.35,17.59,479933.0
2023-07-26,17.755,18.09,17.55,17.81,606562.0
2023-07-27,17.0,18.1,16.79,17.925,940932.0
2023-07-28,17.355,17.41,16.815,16.965,1046061.0
2023-07-31,16.91,17.105,16.795,16.935,454268.0
2023-08-01,17.12,17.33,16.97,17.07,344686.0
2023-08-02,17.545,18.365,17.545,18.19,1412171.0
2023-08-03,18.57,18.59,18.0,18.29,781735.0
2023-08-04,18.03,18.64,17.69,18.58,1284891.0
2023-08-07,18.29,18.65,18.1,18.115,450030.0
2023-08-08,18.535,19.04,18.52,18.57,835492.0
2023-08-09,18.56,19.32,18.54,19.17,697137.0
2023-08-10,18.74,19.365,18.235,19.145,1463221.0
2023-08-11,19.57,19.74,19.24,19.49,1048403.0
2023-08-14,19.65,19.755,18.85,18.85,446223.0
2023-08-15,19.03,19.555,18.9,19.45,591408.0
2023-08-16,19.58,20.11,19.335,20.11,662628.0
2023-08-17,19.895,20.85,19.85,20.79,1008992.0
2023-08-18,21.4,21.465,20.655,20.88,935163.0
2023-08-21,20.63,20.69,19.77,19.865,847769.0
2023-08-22,19.465,20.08,19.465,19.98,1023880.0
2023-08-23,19.8,19.815,18.86,19.02,1028117.0
2023-08-24,18.515,20.31,18.51,20.31,954632.0
2023-08-25,20.16,20.725,19.54,19.81,1827516.0
2023-08-28,19.345,19.78,19.24,19.38,610788.0
2023-08-29,19.435,19.455,18.07,18.14,1236530.0
2023-08-30,18.12,18.265,17.75,17.835,748881.0
2023-08-31,17.81,17.82,17.465,17.72,397002.0
2023-09-01,17.365,17.985,17.34,17.785,707061.0
2023-09-05,17.91,18.03,17.545,17.715,373684.0
2023-09-06,17.84,18.475,17.79,18.18,845476.0
2023-09-07,18.87,19.03,18.5,18.61,648999.0
2023-09-08,18.6,18.68,18.22,18.54,826723.0
2023-09-11,18.09,18.385,17.825,17.885,609052.0
2023-09-12,18.14,18.54,17.96,18.5,593885.0
2023-09-13,18.485,18.635,18.065,18.29,412433.0
2023-09-14,18.06,18.35,17.735,17.88,609605.0
2023-09-15,18.08,18.935,18.03,18.825,733889.0
2023-09-18,19.005,19.005,18.59,18.745,348107.0
2023-09-19,18.98,19.35,18.78,18.885,607159.0
2023-09-20,18.42,19.375,18.36,19.375,685028.0
2023-09-21,20.0,20.49,19.88,20.48,1226863.0
2023-09-22,20.17,20.525,19.81,20.47,1132190.0
2023-09-25,20.65,20.82,20.18,20.2,979902.0
2023-09-26,20.63,21.275,20.55,21.09,1357131.0
2023-09-27,20.91,21.63,20.63,20.95,1358434.0
2023-09-28,21.17,21.305,20.09,20.48,906163.0
2023-09-29,19.885,20.65,19.655,20.47,1436035.0
2023-10-02,20.42,20.5,19.715,19.94,793946.0
2023-10-03,20.36,21.27,20.0,21.005,1192025.0
2023-10-04,20.82,20.935,20.005,20.16,824378.0
2023-10-05,20.18,20.96,20.13,20.38,751394.0
2023-10-06,20.865,21.035,19.16,19.35,1231105.0
2023-10-09,19.77,19.98,18.97,19.05,792528.0
2023-10-10,19.015,19.09,18.35,18.76,724430.0
2023-10-11,18.545,18.815,18.34,18.35,789257.0
2023-10-12,18.315,18.93,18.04,18.59,1097514.0
2023-10-13,18.49,19.5,18.41,19.285,1162326.0
2023-10-16,19.075,19.1,18.48,18.67,611920.0
2023-10-17,19.21,19.52,18.59,18.83,941386.0
2023-10-18,19.21,19.79,18.9,19.57,944703.0
2023-10-19,19.405,20.3,19.2,20.17,1570164.0
2023-10-20,20.3,21.105,20.18,21.08,945128.0
2023-10-23,21.34,21.7,20.27,20.89,830326.0
2023-10-24,20.6,20.885,20.18,20.31,801598.0
2023-10-25,20.745,21.905,20.74,21.8,947088.0
2023-10-26,22.11,23.33,21.89,23.1,1228452.0
2023-10-27,22.5,23.02,22.07,22.7,1320101.0
2023-10-30,22.27,22.54,21.76,22.015,847457.0
2023-10-31,22.02,22.505,21.64,21.71,616414.0
2023-11-01,21.57,21.58,20.48,20.57,957856.0
2023-11-02,19.8,20.03,19.47,19.51,832422.0
2023-11-03,19.29,19.335,18.62,18.8,914618.0
2023-11-06,18.7,18.95,18.52,18.61,888739.0
2023-11-07,18.46,18.635,17.96,18.09,705989.0
2023-11-08,18.04,18.4,17.95,18.05,1134300.0
2023-11-09,17.98,18.575,17.82,18.51,1319065.0
2023-11-10,18.25,18.33,17.245,17.26,842726.0
2023-11-13,17.49,17.7,17.29,17.44,785051.0
2023-11-14,16.54,16.61,16.195,16.33,1231012.0
2023-11-15,16.075,16.46,16.03,16.29,867071.0
2023-11-16,16.435,16.58,16.25,16.275,740296.0
2023-11-17,16.38,16.49,16.15,16.28,724671.0
2023-11-20,16.28,16.28,15.6,15.695,802731.0
2023-11-21,15.91,16.18,15.89,15.99,578603.0
2023-11-22,15.74,15.925,15.44,15.81,698788.0
2023-11-24,15.87,16.01,15.8,15.9,278186.0
2023-11-27,15.95,16.035,15.7,15.94,534048.0
2023-11-28,16.045,16.08,15.75,15.82,523701.0
2023-11-29,15.5,15.91,15.35,15.89,462066.0
2023-11-30,15.89,16.38,15.81,16.0,977211.0
2023-12-01,16.18,16.37,15.83,15.9,740609.0
2023-12-04,16.37,16.79,16.32,16.36,1041780.0
2023-12-05,16.61,16.61,16.08,16.22,994370.0
2023-12-06,15.86,16.565,15.85,16.52,572077.0
2023-12-07,16.17,16.28,15.75,15.84,512687.0
2023-12-08,16.08,16.09,15.6,15.66,1070958.0
2023-12-11,15.71,15.73,15.23,15.25,658801.0
2023-12-12,15.27,15.39,14.9,14.9,552872.0
2023-12-13,14.8,14.89,14.28,14.34,1506736.0
2023-12-14,14.23,14.725,14.095,14.39,1202042.0
2023-12-15,14.335,14.39,14.08,14.24,919813.0
2023-12-18,14.11,14.16,13.845,13.93,1836542.0
2023-12-19,13.815,13.89,13.72,13.72,1395442.0
2023-12-20,13.555,14.07,13.33,14.07,1723685.0
2023-12-21,13.66,13.93,13.56,13.585,1651435.0
2023-12-22,13.47,13.73,13.39,13.535,787646.0
2023-12-26,13.455,13.46,13.235,13.3,864893.0
2023-12-27,13.27,13.36,13.195,13.22,1336003.0
2023-12-28,13.14,13.3,13.13,13.295,1182480.0
2023-12-29,13.285,13.64,13.25,13.47,2991081.0
2024-01-02,13.83,14.37,13.8,14.15,2565018.0
2024-01-03,14.43,14.64,14.32,14.62,1658924.0
2024-01-04,14.86,14.87,14.49,14.85,1773687.0
2024-01-05,14.83,14.96,14.5,14.8,1012228.0
2024-01-08,14.665,14.68,13.865,13.88,1026952.0
2024-01-09,14.215,14.23,13.72,13.81,1303925.0
2024-01-10,13.79,13.88,13.45,13.53,1203214.0
2024-01-11,13.44,13.99,13.3,13.5,1179088.0
2024-01-12,13.39,13.61,13.31,13.48,783971.0
2024-01-16,13.61,13.75,13.33,13.485,965948.0
2024-01-17,13.82,14.145,13.685,13.72,1810858.0
2024-01-18,13.42,13.54,13.1,13.15,1224047.0
2024-01-19,12.96,13.01,12.375,12.39,2080856.0
2024-01-22,12.19,12.39,12.08,12.34,1392057.0
2024-01-23,12.33,12.45,12.16,12.16,1016814.0
2024-01-24,11.855,12.04,11.65,12.0,2174660.0
2024-01-25,11.8,12.17,11.75,11.98,2026200.0
2024-01-26,12.14,12.25,11.99,12.205,972803.0
2024-01-29,12.18,12.2,11.82,11.83,646651.0
2024-01-30,11.92,12.13,11.885,12.065,447165.0
2024-01-31,12.495,12.8,12.29,12.78,1410332.0
2024-02-01,12.645,12.72,12.32,12.35,1933935.0
2024-02-02,12.19,12.26,11.63,11.76,1177215.0
2024-02-05,11.75,12.06,11.7,11.81,1650154.0
2024-02-06,11.7,12.05,11.65,11.87,1257572.0
2024-02-07,11.64,11.74,11.44,11.5,1546879.0
2024-02-08,11.505,11.56,11.4,11.47,989233.0
2024-02-09,11.37,11.43,11.07,11.12,725256.0
2024-02-12,11.16,11.31,10.97,11.26,1006959.0
2024-02-13,11.9,12.04,11.59,11.8,1637518.0
2024-02-14,11.57,11.765,11.38,11.41,909772.0
2024-02-15,11.365,11.575,11.3,11.335,523329.0
2024-02-16,11.31,11.7,11.31,11.655,776985.0
2024-02-20,11.82,12.22,11.71,11.925,1257961.0
2024-02-21,12.18,12.4,12.07,12.07,980046.0
2024-02-22,11.3,11.39,10.94,11.04,966560.0
2024-02-23,10.91,11.2,10.84,11.13,630973.0
2024-02-26,11.07,11.16,11.0,11.15,842440.0
2024-02-27,11.095,11.25,11.05,11.08,464303.0
2024-02-28,11.23,11.33,11.16,11.26,1093935.0
2024-02-29,11.045,11.29,10.905,10.965,666384.0
2024-03-01,10.93,10.93,10.43,10.51,1440640.0
2024-03-04,10.5,10.635,10.48,10.62,875056.0
2024-03-05,10.85,11.36,10.85,11.19,1163681.0
2024-03-06,10.88,11.13,10.75,10.98,911233.0
2024-03-07,10.73,10.84,10.42,10.49,605424.0
2024-03-08,10.5,11.005,10.29,10.96,1424016.0
2024-03-11,11.09,11.24,11.0,11.1,753511.0
2024-03-12,10.915,11.17,10.595,10.62,801827.0
2024-03-13,10.705,10.935,10.705,10.875,717677.0
2024-03-14,10.8,11.17,10.76,10.97,997440.0
2024-03-15,11.2,11.455,11.16,11.37,1220978.0
2024-03-18,10.94,11.065,10.775,11.05,1219517.0
2024-03-19,11.215,11.36,10.95,10.98,1450342.0
2024-03-20,10.72,10.845,10.4,10.43,1040131.0
2024-03-21,10.09,10.31,10.055,10.3,1315301.0
2024-03-22,10.34,10.4,10.2,10.28,785258.0
2024-03-25,10.48,10.53,10.285,10.38,548656.0
2024-03-26,10.29,10.505,10.225,10.49,1215740.0
2024-03-27,10.29,10.61,10.285,10.4,773836.0
2024-03-28,10.42,10.495,10.37,10.49,812420.0
2024-04-01,10.415,10.54,10.24,10.41,333457.0
2024-04-02,10.77,10.9,10.67,10.69,555807.0
2024-04-03,10.84,10.84,10.48,10.615,1066731.0
2024-04-04,10.33,11.14,10.29,11.11,1787426.0
2024-04-05,11.01,11.08,10.54,10.735,1518410.0
2024-04-08,10.67,10.83,10.6,10.73,613874.0
2024-04-09,10.56,10.97,10.55,10.59,1001611.0
2024-04-10,11.01,11.05,10.84,10.92,1327061.0
2024-04-11,10.785,10.95,10.33,10.385,864490.0
2024-04-12,10.7,10.99,10.62,10.88,1184508.0
2024-04-15,10.625,11.5,10.615,11.445,1747046.0
2024-04-16,11.47,11.55,11.24,11.45,1119900.0
2024-04-17,11.29,11.945,11.29,11.86,1193532.0
2024-04-18,11.84,12.14,11.69,12.1,930657.0
2024-04-19,12.215,12.98,12.17,12.86,1450542.0
2024-04-22,12.59,12.92,12.255,12.47,993573.0
2024-04-23,12.29,12.32,11.825,11.93,891912.0
2024-04-24,11.665,12.0,11.545,11.8,1415728.0
2024-04-25,12.43,12.515,11.92,12.0,1256019.0
2024-04-26,11.73,11.78,11.32,11.43,609193.0
2024-04-29,11.27,11.53,11.23,11.3,511296.0
2024-04-30,11.45,11.97,11.355,11.96,927793.0
2024-05-01,12.09,12.28,11.5,12.18,1993557.0
2024-05-02,11.91,12.32,11.7,11.765,887309.0
2024-05-03,11.16,11.285,10.99,11.075,1120942.0
2024-05-06,10.94,10.99,10.71,10.71,2460643.0
2024-05-07,10.685,10.765,10.6,10.705,1626759.0
2024-05-08,10.91,10.91,10.64,10.75,1926027.0
2024-05-09,10.735,10.87,10.645,10.685,3642755.0
2024-05-10,10.58,10.72,10.46,10.62,1223394.0
2024-05-13,10.5,10.65,10.49,10.54,456286.0
2024-05-14,10.58,10.6,10.315,10.35,912735.0
2024-05-15,10.18,10.27,9.855,9.88,847667.0
2024-05-16,9.895,9.96,9.77,9.96,608150.0
2024-05-17,9.945,10.11,9.91,9.98,620865.0
2024-05-20,9.955,9.96,9.72,9.77,495206.0
2024-05-21,9.9,9.9,9.705,9.72,479184.0
2024-05-22,9.7,9.89,9.66,9.73,558672.0
2024-05-23,9.435,9.99,9.43,9.88,1399403.0
2024-05-24,9.81,9.82,9.52,9.6,1392000.0
2024-05-28,9.53,9.68,9.5,9.5,503081.0
2024-05-29,9.75,9.75,9.595,9.71,621320.0
2024-05-30,9.79,10.1,9.765,10.03,565955.0
2024-05-31,10.025,10.6,9.98,10.04,1038719.0
2024-06-03,9.84,10.27,9.78,9.94,1018128.0
2024-06-04,9.96,10.07,9.79,9.865,1122462.0
2024-06-05,9.63,9.685,9.27,9.27,1405552.0
2024-06-06,9.245,9.35,9.215,9.29,934544.0
2024-06-07,9.37,9.39,9.16,9.34,994250.0
2024-06-10,9.4,9.41,9.2,9.225,979252.0
2024-06-11,9.29,9.38,9.025,9.05,1128669.0
2024-06-12,8.805,8.84,8.55,8.68,1466404.0
2024-06-13,8.5,8.67,8.455,8.545,1241953.0
2024-06-14,8.575,8.59,8.43,8.43,1071850.0
2024-06-17,8.425,8.48,8.03,8.13,1859956.0
2024-06-18,8.135,8.21,8.09,8.13,848901.0
2024-06-20,8.065,8.4,8.05,8.32,2003638.0
2024-06-21,8.355,8.47,8.275,8.39,1033908.0
2024-06-24,8.47,8.69,8.38,8.685,1289774.0
2024-06-25,8.57,8.62,8.38,8.38,1046925.0
2024-06-26,8.285,8.3,8.16,8.21,1348094.0
2024-06-27,8.19,8.24,8.06,8.13,1520516.0
2024-06-28,8.1,8.3,7.86,8.28,1324033.0
2024-07-01,8.23,8.41,8.1,8.12,1590437.0
2024-07-02,8.21,8.21,7.875,7.88,955582.0
2024-07-03,7.88,7.895,7.68,7.69,917662.0
2024-07-05,7.66,7.67,7.44,7.46,1305490.0
2024-07-08,7.45,7.49,7.39,7.41,941872.0
2024-07-09,7.345,7.46,7.3,7.395,1172835.0
2024-07-10,7.315,7.37,7.14,7.16,1375135.0
2024-07-11,7.165,7.69,7.16,7.65,1738180.0
2024-07-12,7.635,7.64,7.295,7.52,1490935.0
2024-07-15,7.44,7.55,7.245,7.455,2050736.0
2024-07-16,7.4,7.6,7.37,7.455,1956259.0
2024-07-17,7.82,8.115,7.8,8.11,1671404.0
2024-07-18,7.925,8.39,7.925,8.23,2369474.0
2024-07-19,8.27,8.53,8.14,8.465,2088282.0
2024-07-22,8.15,8.34,8.05,8.1,1649258.0
2024-07-23,8.13,8.2,8.0,8.19,969949.0
2024-07-24,8.54,9.11,8.53,9.08,2296793.0
2024-07-25,9.06,9.52,8.805,9.38,2881538.0
2024-07-26,9.12,9.29,8.93,9.1,878346.0
2024-07-29,8.98,9.18,8.82,9.05,659281.0
2024-07-30,8.94,9.625,8.91,9.57,1908254.0
2024-07-31,8.785,8.88,8.49,8.58,1198210.0
2024-08-01,8.565,9.42,8.36,9.22,5785089.0
2024-08-02,9.8,10.15,9.62,9.9,5923183.0
2024-08-05,11.505,11.58,10.33,10.755,7417567.0
2024-08-06,10.65,10.85,9.935,10.49,5366215.0
2024-08-07,9.99,10.855,9.825,10.83,4772966.0
2024-08-08,10.365,10.65,9.76,9.76,3205390.0
2024-08-09,9.94,10.02,9.61,9.71,7152254.0
2024-08-12,9.65,9.83,9.46,9.63,3863861.0
2024-08-13,9.35,9.37,8.93,8.94,4973456.0
2024-08-14,8.88,9.18,8.8,8.92,3676368.0
2024-08-15,8.57,8.59,8.24,8.27,3834834.0
2024-08-16,8.37,8.41,8.175,8.24,3239104.0
2024-08-19,8.245,8.33,7.92,7.925,4102162.0
2024-08-20,7.975,8.06,7.85,7.985,5202693.0
2024-08-21,7.94,8.02,7.78,7.86,5880774.0
2024-08-22,7.76,8.29,7.73,8.25,9441108.0
2024-08-23,8.04,8.23,7.85,7.985,7675790.0
2024-08-26,8.01,8.32,7.98,8.225,5028796.0
2024-08-27,8.32,8.41,8.1,8.15,2356770.0
2024-08-28,8.18,8.61,8.15,8.46,3851266.0
2024-08-29,8.34,8.54,8.09,8.48,4417784.0
2024-08-30,8.265,8.5,8.165,8.21,4896544.0
2024-09-03,8.355,9.05,8.355,8.945,7692747.0
2024-09-04,9.14,9.18,8.8,9.01,7916240.0
2024-09-05,9.115,9.17,8.75,9.0,6152182.0
2024-09-06,9.05,9.76,9.01,9.725,4243888.0
2024-09-09,9.45,9.66,9.3,9.36,3962617.0
2024-09-10,9.255,9.5,9.08,9.11,3496789.0
2024-09-11,9.04,9.55,8.48,8.55,3945698.0
2024-09-12,8.52,8.62,8.235,8.27,4751184.0
2024-09-13,8.325,8.33,8.115,8.18,3429116.0
2024-09-16,8.3,8.46,8.265,8.3,2528276.0
2024-09-17,8.14,8.41,8.07,8.29,2170125.0
2024-09-18,8.24,8.42,8.01,8.4,4157384.0
2024-09-19,7.8,7.92,7.615,7.76,5135291.0
2024-09-20,7.805,8.01,7.76,7.83,2344540.0
2024-09-23,7.77,7.83,7.71,7.76,1909165.0
2024-09-24,7.69,7.9,7.61,7.65,2907327.0
2024-09-25,7.535,7.54,7.4,7.48,2534396.0
2024-09-26,7.13,7.48,7.13,7.32,2653377.0
2024-09-27,7.285,7.5,7.285,7.45,2341187.0
2024-09-30,7.505,7.63,7.39,7.42,2824902.0
2024-10-01,7.415,7.88,7.41,7.72,3329880.0
2024-10-02,7.77,7.88,7.585,7.68,3100617.0
2024-10-03,7.785,7.82,7.56,7.7,3257198.0
2024-10-04,7.43,7.67,7.41,7.43,4417544.0
2024-10-07,7.52,7.735,7.48,7.67,3052863.0
2024-10-08,7.56,7.59,7.31,7.35,3588557.0
2024-10-09,7.355,7.39,7.15,7.165,2831978.0
2024-10-10,7.27,7.325,7.12,7.19,3110182.0
2024-10-11,7.29,7.31,7.14,7.175,2309903.0
2024-10-14,7.075,7.09,6.94,6.995,2906650.0
2024-10-15,6.99,7.36,6.96,7.275,3389844.0
2024-10-16,7.265,7.42,7.25,7.27,2378264.0
2024-10-17,7.04,7.27,7.04,7.26,2321831.0
2024-10-18,7.16,7.18,7.09,7.13,2613135.0
2024-10-21,7.18,7.27,7.07,7.1,2702197.0
2024-10-22,7.215,7.24,7.02,7.07,1621290.0
2024-10-23,7.18,7.54,7.16,7.405,3174337.0
2024-10-24,7.25,7.355,7.2,7.23,1934638.0
2024-10-25,7.11,7.14,6.895,7.11,3856116.0
2024-10-28,6.975,7.115,6.975,7.11,1904546.0
2024-10-29,7.095,7.17,6.86,6.91,3114706.0
2024-10-30,6.945,7.08,6.905,7.065,2762800.0
2024-10-31,7.245,7.605,7.24,7.59,4847441.0
2024-11-01,7.545,7.545,7.295,7.45,2880061.0
2024-11-04,7.485,7.595,7.37,7.52,2990050.0
2024-11-05,7.43,7.43,7.205,7.23,3005174.0
2024-11-06,6.85,6.91,6.62,6.64,4631371.0
2024-11-07,32.69,32.7,31.55,31.67,539474.0
2024-11-08,31.73,31.95,31.49,31.635,241258.0
2024-11-11,31.4,32.23,31.38,31.73,499750.0
2024-11-12,31.725,32.44,31.55,31.875,287583.0
2024-11-13,32.0,32.42,31.5,31.99,518809.0
2024-11-14,32.05,32.82,31.93,32.68,334052.0
2024-11-15,33.855,35.46,33.79,35.12,606231.0
2024-11-18,34.76,35.04,33.93,34.35,387983.0
2024-11-19,34.91,34.94,33.57,33.68,418339.0
2024-11-20,33.84,35.015,33.76,33.76,569896.0
2024-11-21,33.16,34.88,33.0,33.37,781103.0
2024-11-22,33.55,33.86,33.14,33.29,451075.0
2024-11-25,32.485,33.57,32.19,33.13,351135.0
2024-11-26,32.82,33.0,32.47,32.58,279765.0
2024-11-27,32.9,34.04,32.9,33.42,271387.0
2024-11-29,33.34,33.425,32.47,32.6,194973.0
2024-12-02,32.35,32.4,31.37,31.535,452107.0
2024-12-03,31.77,31.88,31.21,31.26,358630.0
2024-12-04,30.66,30.74,30.08,30.13,550209.0
2024-12-05,30.12,30.43,30.0,30.37,327024.0
2024-12-06,30.19,30.22,29.57,29.62,339949.0
2024-12-09,29.77,30.5,29.64,30.35,439287.0
2024-12-10,30.125,30.865,29.8,30.61,340948.0
2024-12-11,29.88,29.93,28.89,29.03,607542.0
2024-12-12,29.39,29.65,29.17,29.57,395365.0
2024-12-13,28.95,29.48,28.5,28.95,627607.0
2024-12-16,28.53,28.54,27.54,27.71,864207.0
2024-12-17,28.02,28.32,27.82,28.11,448740.0
2024-12-18,28.2,31.31,27.93,31.12,1774760.0
2024-12-19,30.275,31.57,30.185,31.54,1473537.0
2024-12-20,32.295,32.48,29.65,30.65,1283735.0
2024-12-23,29.66,30.25,29.44,29.97,80819.0
2024-12-24,28.795,28.895,27.88,27.88,311237.0
2024-12-26,28.195,28.51,27.745,28.02,344165.0
2024-12-27,28.61,29.91,28.59,29.11,744406.0
2024-12-30,30.37,30.96,29.71,30.44,851588.0
2024-12-31,30.135,31.29,30.0,31.11,710006.0
2025-01-02,30.64,32.13,30.17,31.31,1194378.0
2025-01-03,30.795,30.95,29.64,29.84,1008370.0
2025-01-06,28.9,29.22,28.24,28.83,561085.0
2025-01-07,28.64,30.68,28.63,30.37,1296615.0
2025-01-08,30.42,31.14,30.09,30.28,1031580.0
2025-01-10,31.085,32.41,31.075,31.84,1146446.0
2025-01-13,32.985,33.26,32.1,32.11,825927.0
2025-01-14,31.55,32.93,31.31,32.26,734115.0
2025-01-15,30.775,31.045,29.84,30.08,1306030.0
2025-01-16,29.665,30.7,29.665,30.7,988353.0
2025-01-17,28.99,29.67,28.9,29.19,1161722.0
2025-01-21,28.74,29.47,28.5,28.58,968106.0
2025-01-22,27.925,27.98,27.24,27.6,1153346.0
2025-01-23,28.04,28.09,27.42,27.42,471668.0
2025-01-24,27.45,28.15,27.3,27.94,531270.0
2025-01-27,30.905,31.02,29.79,30.4,1707157.0
2025-01-28,30.2,30.82,28.84,29.13,1221371.0
2025-01-29,29.02,29.87,28.95,29.23,1360851.0
2025-01-30,28.74,29.68,28.365,28.84,765251.0
2025-01-31,28.28,29.2,27.51,29.04,1772724.0
2025-02-03,30.515,30.9,29.28,29.79,1979157.0
2025-02-04,29.67,29.67,28.55,28.64,953071.0
2025-02-05,29.11,29.3,28.22,28.3,583468.0
2025-02-06,28.21,28.46,27.81,27.86,1387410.0
2025-02-07,27.69,29.04,27.49,28.915,926020.0
2025-02-10,28.235,28.31,27.72,27.95,1294061.0
2025-02-11,28.42,28.44,27.81,28.14,1265806.0
2025-02-12,29.02,29.08,27.93,28.07,1268948.0
2025-02-13,27.825,27.94,26.83,26.94,1183185.0
2025-02-14,26.9,26.96,26.48,26.59,1858375.0
2025-02-18,26.37,26.9,26.33,26.4,747074.0
2025-02-19,26.58,26.85,26.22,26.46,753531.0
2025-02-20,26.56,27.44,26.49,26.76,1459053.0
2025-02-21,26.64,28.5,26.62,28.42,1561505.0
2025-02-24,28.18,29.52,27.98,29.48,2072008.0
2025-02-25,29.6,31.24,29.6,30.62,1584212.0
2025-02-26,30.23,30.96,29.47,30.32,3567967.0
2025-02-27,29.78,33.0,29.6,33.0,3555748.0
2025-02-28,33.09,33.65,31.31,31.44,2604023.0
2025-03-03,30.805,34.13,30.54,33.45,5493790.0
2025-03-04,34.205,35.39,32.17,33.64,3958872.0
2025-03-05,33.78,34.71,32.19,32.49,3185645.0
2025-03-06,34.13,35.59,33.18,35.2,2975251.0
2025-03-07,35.485,36.88,34.165,34.55,3930703.0
2025-03-11,38.635,39.915,37.1,38.71,2907759.0
2025-03-12,36.95,38.76,36.5,37.56,3644882.0
2025-03-13,37.675,40.0,37.675,39.5,2216363.0
2025-03-14,38.24,38.35,36.52,36.73,2803257.0
2025-03-17,36.77,37.15,35.32,36.02,3291729.0
2025-03-18,36.81,38.36,36.805,37.68,1837173.0
2025-03-19,37.35,37.83,35.31,36.33,2511321.0
2025-03-20,37.335,37.45,35.58,36.75,2051225.0
2025-03-21,38.0,38.28,36.3,36.44,1711945.0
2025-03-24,34.75,34.89,33.9,34.08,3249508.0
2025-03-25,33.95,34.13,33.45,33.46,1739777.0
2025-03-26,33.23,35.175,33.11,34.91,2529130.0
2025-03-27,35.31,35.77,34.4,35.43,2254670.0
2025-03-28,35.93,38.53,35.79,38.33,2586214.0
2025-03-31,40.09,41.18,38.12,38.62,2392894.0
2025-04-01,38.81,39.47,37.23,37.44,2716959.0
2025-04-02,39.02,39.07,35.84,36.65,3720266.0
2025-04-03,41.24,42.62,40.36,42.47,5054948.0
2025-04-04,46.09,50.38,45.51,50.21,5384602.0
2025-04-07,55.85,57.73,43.25,49.91,2811816.0
2025-04-08,45.06,55.14,43.37,52.88,5051612.0
2025-04-09,53.15,53.18,33.18,33.83,4478885.0
2025-04-10,36.595,41.15,36.17,38.36,9968197.0
2025-04-11,38.66,39.51,35.82,36.15,4202600.0
2025-04-14,33.75,36.6,33.66,35.37,3361984.0
2025-04-15,35.215,35.76,34.33,35.34,3341304.0
2025-04-16,37.45,40.03,36.6,38.53,3354801.0
2025-04-17,37.83,39.34,37.7,38.62,1914462.0
2025-04-21,40.19,42.88,39.99,41.45,2033383.0
2025-04-22,39.88,40.26,37.42,38.12,2706082.0
2025-04-23,34.75,36.12,33.43,35.77,3248943.0
2025-04-24,35.27,35.39,32.63,32.69,3426632.0
2025-04-25,32.78,33.15,31.55,31.66,2497806.0
2025-04-28,31.58,32.97,31.21,31.74,2571330.0
2025-04-29,32.15,32.28,30.9,31.08,1706365.0
2025-04-30,32.96,33.66,30.8,31.12,2856692.0
2025-05-01,29.58,30.09,28.84,30.0,3406144.0
2025-05-02,28.99,29.36,28.23,28.6,2406992.0
2025-05-05,29.39,29.45,28.6,29.12,2252729.0
2025-05-06,30.3,30.535,29.3,30.0,2290901.0
2025-05-07,29.85,30.82,29.15,29.49,3417685.0
2025-05-08,28.69,29.47,27.92,28.72,3735670.0
2025-05-09,28.38,29.125,28.19,28.83,2561647.0
2025-05-12,25.46,26.41,25.31,25.32,4216268.0
2025-05-13,25.12,25.2,23.9,24.21,3900734.0
2025-05-14,23.99,24.14,23.66,23.76,2628536.0
2025-05-15,24.04,24.225,23.3,23.62,3313540.0
2025-05-16,23.505,23.99,23.37,23.42,2093908.0
2025-05-19,24.33,24.33,23.27,23.41,2100166.0
2025-05-20,23.67,24.06,23.5,23.585,2598376.0
2025-05-21,24.12,24.81,23.22,24.565,5479218.0
2025-05-22,24.505,24.67,23.92,24.44,2673761.0
2025-05-23,25.65,25.68,24.81,25.19,6742377.0
2025-05-27,24.14,24.38,23.34,23.39,4216877.0
2025-05-28,23.28,23.81,23.09,23.79,2209948.0
2025-05-29,22.71,23.94,22.7,23.61,4210238.0
2025-05-30,23.68,24.71,23.53,23.62,4172374.0
2025-06-02,23.98,24.17,23.155,23.17,2752234.0
2025-06-03,23.14,23.25,22.46,22.7,5359386.0
2025-06-04,22.59,22.83,22.34,22.48,2578635.0
2025-06-05,22.29,23.25,21.95,22.92,8456505.0
2025-06-06,22.34,22.57,22.1,22.36,3839680.0
2025-06-09,22.345,22.47,22.06,22.27,4522961.0
2025-06-10,22.2,22.49,21.75,21.88,4094977.0
2025-06-11,21.66,22.33,21.53,22.09,4154131.0
2025-06-12,22.25,22.26,21.8,21.93,2928883.0
2025-06-13,22.715,22.91,22.18,22.75,9764343.0
2025-06-16,22.33,22.33,21.69,21.84,2667914.0
2025-06-17,22.17,22.61,21.95,22.45,3879844.0
2025-06-18,22.37,22.7,22.06,22.46,5415960.0
2025-06-20,22.12,23.05,21.97,22.73,3027922.0
2025-06-23,22.76,23.15,22.06,22.12,3042086.0
2025-06-24,21.47,21.54,21.0,21.12,2628355.0
2025-06-25,20.59,20.91,20.46,20.71,2221906.0
2025-06-26,20.46,20.655,20.09,20.21,1236926.0
2025-06-27,20.05,20.345,19.75,19.99,1690987.0
2025-06-30,19.655,19.85,19.46,19.56,2086353.0
2025-07-01,19.8,20.32,19.68,20.08,2643347.0
2025-07-02,20.17,20.18,19.65,19.69,2947532.0
2025-07-03,19.445,19.445,19.02,19.14,2720803.0
2025-07-07,19.4,19.81,19.33,19.56,4632212.0
2025-07-08,19.43,19.66,19.365,19.53,2549152.0
2025-07-09,19.325,19.46,18.99,19.135,2287561.0
2025-07-10,19.075,19.5,19.04,19.23,1590361.0
2025-07-11,19.46,19.6,19.22,19.38,4623331.0
2025-07-14,19.41,19.65,19.11,19.2,3756530.0
2025-07-15,18.77,19.13,18.72,19.13,3019712.0
2025-07-16,19.09,19.66,19.02,19.07,2542780.0
2025-07-17,19.02,19.1,18.58,18.65,4296923.0
2025-07-18,18.52,18.83,18.5,18.71,2502361.0
2025-07-21,18.63,18.63,18.24,18.43,2739717.0
2025-07-22,18.44,18.97,18.44,18.72,3782751.0
2025-07-23,18.68,18.9,18.48,18.51,3850237.0
2025-07-24,18.355,18.53,18.25,18.37,3548549.0
2025-07-25,18.39,18.45,18.13,18.28,2810531.0
2025-07-28,18.135,18.21,18.0,18.08,2760592.0
2025-07-29,17.85,18.25,17.725,18.17,3619490.0
2025-07-30,18.11,18.4,17.87,18.125,3235700.0
2025-07-31,17.5,18.52,17.49,18.38,4999193.0
2025-08-01,19.1,19.745,19.04,19.52,5919298.0
2025-08-04,18.98,19.0,18.44,18.46,3278121.0
2025-08-05,18.33,18.885,18.23,18.85,3716942.0
2025-08-06,18.76,18.8,18.09,18.17,3865395.0
2025-08-07,17.73,18.35,17.57,17.92,4651690.0
2025-08-08,17.86,17.88,17.47,17.47,2635539.0
2025-08-11,17.475,17.765,17.29,17.65,2834779.0
2025-08-12,17.44,17.68,16.96,16.98,3321079.0
2025-08-13,16.76,17.09,16.72,16.95,2501114.0
2025-08-14,17.15,17.19,16.84,17.03,2075646.0
2025-08-15,17.1,17.41,17.09,17.29,3063687.0
2025-08-18,17.32,17.45,17.24,17.3,2463833.0
2025-08-19,17.375,18.09,17.36,17.99,2932895.0
2025-08-20,18.105,19.0,18.105,18.35,3945910.0
2025-08-21,18.495,18.81,18.29,18.585,2556348.0
2025-08-22,18.48,18.61,17.56,17.76,4927631.0
2025-08-25,17.91,18.02,17.65,17.91,1788229.0
2025-08-26,17.98,18.07,17.69,17.71,1679147.0
2025-08-27,17.82,17.93,17.56,17.63,2066145.0
2025-08-28,17.59,17.74,17.235,17.32,3206987.0
2025-08-29,17.575,18.11,17.55,17.95,3042317.0
2025-09-02,18.83,18.98,18.39,18.4,3053331.0
2025-09-03,18.06,18.3,17.83,17.97,3489291.0
2025-09-04,17.93,18.08,17.47,17.51,2862930.0
2025-09-05,17.045,17.86,17.0,17.49,3854362.0
2025-09-08,17.24,17.3,17.03,17.21,2724216.0
2025-09-09,17.1,17.37,17.03,17.07,2043415.0
2025-09-10,16.79,17.24,16.79,17.05,2822933.0
2025-09-11,16.84,16.97,16.7,16.765,2207940.0
2025-09-12,16.69,16.78,16.465,16.58,1901801.0
2025-09-15,16.42,16.425,16.15,16.15,3021036.0
2025-09-16,16.08,16.25,16.06,16.2,1674994.0
2025-09-17,16.18,16.76,16.17,16.31,4862267.0
2025-09-18,15.905,16.065,15.64,15.87,3639146.0
2025-09-19,15.73,15.84,15.5,15.56,3332117.0
2025-09-22,15.64,15.64,15.25,15.31,2225225.0
2025-09-23,15.29,15.69,15.28,15.61,2850051.0
2025-09-24,15.25,15.74,15.25,15.53,2640191.0
2025-09-25,15.845,16.12,15.62,15.74,3496580.0
2025-09-26,15.7,15.945,15.54,15.555,2648740.0
2025-09-29,15.32,15.45,15.105,15.35,2649144.0
2025-09-30,15.4,15.56,15.215,15.24,2755947.0
2025-10-01,15.48,15.54,14.985,15.015,3586046.0
2025-10-02,14.745,15.05,14.745,14.845,3626484.0
2025-10-03,14.8,15.18,14.74,15.05,4257927.0
2025-10-06,14.655,14.84,14.595,14.72,3657851.0
2025-10-07,14.64,15.05,14.58,14.97,3028854.0
2025-10-08,14.89,14.89,14.425,14.45,2885862.0
2025-10-09,14.45,14.73,14.45,14.5,3628751.0
2025-10-10,14.475,16.065,14.36,16.03,5765043.0
2025-10-13,15.195,15.4,14.94,15.01,4906073.0
2025-10-14,15.52,15.9,14.98,15.29,3741600.0
2025-10-15,14.875,15.48,14.66,14.98,5569785.0
2025-10-16,14.79,15.5,14.555,15.15,2557014.0
2025-10-17,15.35,15.46,14.78,14.91,3836794.0
2025-10-20,14.65,14.65,14.25,14.33,2680031.0
2025-10-21,14.34,14.49,14.26,14.35,2227373.0
2025-10-22,14.44,15.165,14.37,14.78,3223109.0
2025-10-23,14.825,14.85,14.355,14.42,2960388.0
2025-10-24,14.05,14.1,13.875,13.98,4993542.0
2025-10-27,13.47,13.495,13.195,13.225,4194548.0
2025-10-28,13.09,13.15,12.82,12.925,3847319.0
2025-10-29,12.765,13.09,12.69,12.75,4351444.0
2025-10-30,12.99,13.34,12.9,13.33,3429266.0
2025-10-31,12.86,13.32,12.855,13.18,5295886.0
2025-11-03,12.79,13.12,12.755,12.995,3726743.0
2025-11-04,13.545,13.83,13.32,13.77,4169587.0
2025-11-05,13.835,13.92,13.3,13.495,4789655.0
2025-11-06,13.635,14.36,13.615,14.28,4619358.0
2025-11-07,14.535,15.2,14.42,14.42,5900559.0
2025-11-10,13.79,13.93,13.41,13.49,5083084.0
2025-11-11,13.66,13.85,13.52,13.61,3499636.0
2025-11-12,13.39,13.84,13.39,13.62,3839503.0
2025-11-13,13.86,14.62,13.83,14.42,6741188.0
2025-11-14,15.125,15.29,14.14,14.47,8520545.0
2025-11-17,14.665,15.09,14.21,14.8,5037205.0
2025-11-18,15.15,15.74,14.95,15.38,7138614.0
2025-11-19,15.325,15.51,14.63,15.12,5181721.0
2025-11-20,71.095,81.24,70.25,80.93,596742.0
2025-11-21,80.34,83.08,76.395,79.07,2144777.0
2025-11-24,77.0,77.17,72.56,73.09,1102404.0
2025-11-25,73.805,76.01,71.345,71.75,1135563.0
2025-11-26,70.6,71.31,69.32,69.95,625967.0
2025-11-28,69.48,69.67,68.31,68.43,363637.0
2025-12-01,70.175,70.59,68.35,69.16,818180.0
2025-12-02,68.4,68.98,66.92,67.45,1401192.0
2025-12-03,68.225,68.8,66.81,67.02,1546698.0
2025-12-04,66.61,68.315,66.61,67.31,1600037.0
2025-12-05,66.845,67.06,65.39,66.43,1445385.0
2025-12-08,66.025,67.71,65.485,66.91,896261.0
2025-12-09,67.355,67.79,66.43,66.69,704269.0
2025-12-10,67.175,68.02,65.4,65.93,1345721.0
2025-12-11,67.14,69.04,66.53,66.53,896724.0
2025-12-12,67.79,71.2,67.31,70.38,857419.0
2025-12-15,68.885,72.0,68.885,71.6,712227.0
2025-12-16,72.49,72.83,70.57,71.2,653394.0
2025-12-17,70.83,75.15,70.54,75.13,606316.0
2025-12-18,71.675,72.69,70.49,71.95,696467.0
2025-12-19,70.995,70.995,68.995,69.165,509558.0
2025-12-22,67.48,68.68,67.41,68.12,693353.0
2025-12-23,68.61,68.675,67.18,67.19,425155.0
2025-12-24,65.9,65.9,65.14,65.27,326898.0
2025-12-26,65.08,65.535,64.81,65.37,239807.0
2025-12-29,66.545,66.94,65.72,66.295,338891.0
2025-12-30,66.67,66.85,65.915,66.82,440274.0
2025-12-31,66.8,68.55,66.69,68.41,319571.0
2026-01-02,66.69,69.95,65.76,68.94,712996.0
2026-01-05,66.95,67.78,66.4,67.42,782400.0
2026-01-06,66.995,67.2,65.41,65.53,969586.0
2026-01-07,65.74,65.89,64.22,65.42,965405.0
2026-01-08,65.8,67.385,65.68,66.605,855271.0
2026-01-09,66.415,67.11,64.29,64.69,897286.0
2026-01-12,65.95,65.95,64.04,64.49,1050973.0
2026-01-13,64.61,65.61,63.85,64.74,843376.0
2026-01-14,66.165,68.47,65.76,66.79,892803.0
2026-01-15,64.68,66.55,64.48,66.33,660986.0
2026-01-16,65.16,67.28,64.99,66.52,590865.0
2026-01-20,69.97,71.08,68.54,70.85,847090.0
2026-01-21,70.32,70.87,66.49,67.83,1171903.0
2026-01-22,65.99,67.44,65.975,66.52,817432.0
2026-01-23,66.885,67.22,65.075,65.89,701127.0
2026-01-26,65.81,66.125,64.42,65.07,798243.0
2026-01-27,64.08,64.51,63.055,63.38,947756.0
2026-01-28,62.145,63.26,61.74,63.26,1539583.0
2026-01-29,62.93,67.2,62.64,63.76,2002573.0
2026-01-30,65.16,67.04,64.35,66.32,2426061.0
2026-02-02,67.21,67.21,64.17,65.0,1143159.0
2026-02-03,64.34,69.66,64.14,67.84,1651541.0
2026-02-04,68.49,73.25,68.44,71.31,2433678.0
2026-02-05,73.63,75.4,71.87,74.6,1822719.0
2026-02-06,73.57,74.015,69.365,70.1,2014438.0
2026-02-09,70.735,71.55,67.68,68.34,1136918.0
2026-02-10,68.12,69.5,67.54,69.36,1236809.0
2026-02-11,67.72,70.68,67.35,68.83,1426098.0
2026-02-12,68.51,73.42,67.95,73.08,1589423.0
2026-02-13,73.265,74.74,71.06,72.73,1938370.0
2026-02-17,74.03,75.855,72.05,73.0,1525929.0
2026-02-18,72.685,73.17,69.93,71.44,1363191.0
2026-02-19,72.44,73.16,71.395,72.2,1176302.0
2026-02-20,73.53,73.78,69.85,70.41,1620620.0
2026-02-23,71.16,73.78,70.67,72.94,1387459.0
2026-02-24,72.65,73.61,70.25,70.62,1331678.0
2026-02-25,69.52,69.56,67.55,67.66,1054619.0
2026-02-26,68.03,71.795,68.03,70.08,1914080.0
2026-02-27,72.37,72.59,70.53,70.93,1519251.0
2026-03-02,73.82,74.04,69.95,70.59,1716898.0
2026-03-03,74.72,76.21,72.06,72.88,2063644.0
2026-03-04,71.99,72.21,68.81,69.63,1348201.0
